IdPoi,nombre,localizacion,fbd,IdPueblo,IdUsuario,etiquetas
1,Fuente del lugar,0xE6100000010CA0C552245F5919C0965D30B8E6EC4440,2012-02-07 12:06:24.767,35,1,fuentes
2,Fuente la rebotina,0xE6100000010C72DC291DAC5F19C01ABFF04A92ED4440,2012-02-07 12:07:02.423,35,1,fuentes
3,Cantera de pizarra,0xE6100000010C1AC39CA04DBE19C06ADC9BDF30F34440,2012-02-07 12:07:44.403,17,1,"industria,canteras"
4,Peña mira,0xE6100000010CCB2DAD86C4DD19C0D95F764F1EF64440,2012-02-07 12:10:15.020,17,1,"montañas,picos,sierra de la culebra"
5,Negrillico centenario,0xE6100000010CADBF2500FF9418C0F52B9D0FCFE64440,2012-02-07 12:46:12.130,1,791,NULL
6,Fuenta La Fidionda,0xE6100000010CF2E9B12D031E19C02A1900AAB8E34440,2012-02-07 13:41:39.587,24,NULL,"Fuente "
8,La Ferrada,0xE6100000010C2920ED7F80D518C07E00529B38DB4440,2012-02-07 13:42:23.720,27,7830,las minas
9,Torre del Reloj,0xE6100000010CF8DF4A766C6419C0B3B5BE4868D94440,2012-02-07 13:48:35.527,2,NULL,monumento
10,Cañico de arriba,0xE6100000010C45BB0A293F6919C05DBF60376CD94440,2012-02-07 13:50:44.663,2,NULL,"Monumento, fuente"
11,Cañico de abajo,0xE6100000010C0EA14ACD1E6819C0492D944C4ED94440,2012-02-07 13:53:04.453,2,NULL,"monumento, fuente"
12,Fuente del Ferradal,0xE6100000010CA52DAEF1995C19C015AB06616EEB4440,2012-02-07 16:04:36.333,35,1,fuentes
13,Fuente la Aldea,0xE6100000010CAE4A22FB20CB19C054A703594FEF4440,2012-02-07 16:05:13.103,16,1,fuentes
14,Nacimiento Río Aliste,0xE6100000010CF5673F52448619C0C6C1A563CEF34440,2012-02-07 16:07:33.050,48,1,"fuentes,rios"
15,Fuente de la ribera,0xE6100000010C31EF71A6093B19C0D4D7F335CBDD4440,2012-02-07 18:27:54.767,57,NULL,"fuente, Ufones, ribera"
16,Iglesia de Ufones,0xE6100000010CD90A9A96583919C0F6B3588AE4DD4440,2012-02-07 18:29:43.403,57,NULL,iglesia
17,Frontón,0xE6100000010CF641960513FF18C0F4531C075EE74440,2012-02-07 19:04:50.710,49,1,"fronton,deporte,polideportivo"
18,Ribera,0xE6100000010C1A6CEA3C2A7E19C07F33315D88DB4440,2012-02-07 22:07:38.487,3,8322,Arroyo y paisaje
19,Fuente Herrada,0xE6100000010C57790261A76819C02639605793D94440,2012-02-08 00:43:59.567,2,107,"Fuente, parque"
20,Fuente los Caños,0xE6100000010CA7EA1ED95C6519C0C3F352B131D94440,2012-02-08 00:46:12.040,2,107,Fuente
21,Fuente los burros,0xE6100000010C4F0647C9AB6319C00B0E2F8848D94440,2012-02-08 00:47:59.400,2,107,Fuente
22,"Antiguo molino de ""D. Alonso"" en el limite de la ribera con S. Martino(Portugal), ",0xE6100000010C9163EB19C25119C0BFD18E1B7ED54440,2012-02-08 06:13:06.360,2,NULL,NULL
23,Fuente La Quinta,0xE6100000010C5DC2A1B7786819C09F1C058882D94440,2012-02-08 13:39:10.060,2,107,Fuentes
24,Ermita Santa Catalina,0xE6100000010CF20C1AFA274819C01E53776517DC4440,2012-02-08 13:53:30.473,29,107,"Ermita, monumento"
25,Fuente de El Chaparí,0xE6100000010CF9307BD976CA19C0742497FF90EE4440,2012-02-08 16:27:27.793,15,19771,fuente
26,Iglesia de Santiago Apóstol,0xE6100000010C936FB6B931CD19C0780AB952CFEE4440,2012-02-08 16:28:32.423,15,19771,"iglesias, monumentos"
27,Miel Brezos de Peñamira,0xE6100000010C0A302C7FBECD19C02E8ECA4DD4EE4440,2012-02-08 16:29:11.703,15,19771,alimentación
28,Casa del Lagar,0xE6100000010CB83A00E2AECE19C0363FFED2A2EE4440,2012-02-08 16:30:02.107,15,19771,monumentos
29,Consultorio Médico,0xE6100000010CBF81C98D22CB19C066BD18CA89EE4440,2012-02-08 16:30:35.537,15,19771,Sanidad
30,Pilo del Barreiro,0xE6100000010C8B355CE49ECE19C01DE38A8BA3EE4440,2012-02-08 16:31:20.683,15,19771,fuentes
31,Pilo Los Llinares,0xE6100000010C4D49D6E1E8CA19C09DBE9EAF59EE4440,2012-02-08 16:32:12.537,15,19771,fuentes
32,Fuente del Barreiro,0xE6100000010C6283859334CF19C0029A081B9EEE4440,2012-02-08 18:38:55.210,15,NULL,fuentes
33,Palomar circular tradicional,0xE6100000010C9C1A683EE7CE19C052B648DA8DEE4440,2012-02-08 18:43:39.720,15,NULL,palomares
34,Fuente de las vívoras,0xE6100000010CADBEBA2A503B19C0244223D8B8F04440,2012-02-09 08:34:42.850,35,1,fuentes
35,Fuente de Valorio,0xE6100000010CE7C75F5AD46719C0C5538F34B8D94440,2012-02-09 16:42:30.350,2,107,Fuentes
36,Puente romano,0xE6100000010C6EC2BD326F251AC09E245D33F9F24440,2012-02-09 16:51:56.607,41,1,"monumentos,puentes"
38,"Cubo ""La Viña"" (Resto antigua muralla)",0xE6100000010CA5DC7D8E8F6619C08272DBBE47D94440,2012-02-09 19:28:03.857,2,107,"monumento, muralla"
39,"Cubo "" Tio Cañona"" (Resto antigua muralla)",0xE6100000010C2541B8020A6519C052BAF42F49D94440,2012-02-09 19:29:37.597,2,107,"monumento, muralla"
40,"Cubo ""El Trincheron"" (Resto antigua muralla)",0xE6100000010C58C9C7EE026519C0F5F57CCD72D94440,2012-02-09 19:30:54.457,2,107,"monumento, muralla"
41,la fuente de la poza,0xE6100000010C6FD39FFD48D119C021B0726891DD4440,2012-02-10 15:41:02.510,53,NULL,fuente
42,fuente de rizamonte,0xE6100000010CB2D5E59480B819C03561FBC918DD4440,2012-02-10 15:45:37.927,53,NULL,fuente
43,Iglesia Ntra. de la Asunción (Siglo XVII),0xE6100000010C62821ABE856519C0664CC11A67D94440,2012-02-10 21:11:07.730,2,107,iglesias
44,Iglesia del Convento o Santuario de la Virgen de la Salud,0xE6100000010C40A374E95F6219C0B153AC1A84D94440,2012-02-10 21:13:45.830,2,107,Iglesia
45,Iglesia de Sta. María,0xE6100000010C126C5CFFAE0F1AC030630AD638E34440,2012-02-10 21:16:17.443,33,107,iglesia
46,Palacio Marqueses de Alcañices (Residencia de ancianos),0xE6100000010CBEC11726536519C0FD4E93196FD94440,2012-02-10 21:19:38.137,2,107,"monumento, residencia"
47,Mirador Sierra de la Culebra-Peña Mira,0xE6100000010CF99D2633DED619C0F9F36DC152EF4440,2012-02-11 09:52:20.840,16,1,"miradores,sierra de la culebra"
48,Merenderos,0xE6100000010C7F6B274A42021AC0A8ACA6EB89F04440,2012-02-11 10:07:39.147,61,1,merenderos
49,"Antigua Carcel, hoy Centro de Información y Turismo",0xE6100000010C520FD1E80E6219C01A51DA1B7CD94440,2012-02-12 08:34:07.753,2,107,NULL
50,Molino de Las colagas,0xE6100000010C4D672783A35419C0FED5E3BED5EC4440,2012-02-12 10:00:52.527,35,1,molinos
51,Molino de la fuente,0xE6100000010C601F9DBAF25919C04D327216F6EC4440,2012-02-12 10:02:16.187,35,1,molinos
52,"Molino ""Los Martinez""",0xE6100000010C5C035B25581C19C0D122DBF97EE24440,2012-02-12 10:47:00.897,24,107,molino
53,"Molino  ""Los Fagúndez""",0xE6100000010C8C2D0439282119C0D044D8F0F4E24440,2012-02-12 10:50:18.547,24,107,molino
54,Ponton en el arroyo de Rioseco,0xE6100000010C97715303CD2719C04DD9E90775E34440,2012-02-12 22:34:52.497,24,107,puente
55,Ermita del Cristo,0xE6100000010CCD74AF93FA6219C0402FDCB930E44440,2012-02-13 08:37:14.660,50,1,iglesias
56,Cantera de pizarra,0xE6100000010C06651A4D2E9619C0E36BCF2C09F24440,2012-02-14 11:14:13.177,28,1,canteras
57,Lagar,0xE6100000010C789ACC785B191AC0E10B93A982D94440,2012-02-14 16:08:19.547,26,107,Lagar
58,El Rollo (Mehir fálico),0xE6100000010C3F1BB96E4A3919C04E97C5C4E6DD4440,2012-02-14 16:14:45.890,57,107,monumento
62,La Chanera,0xE6100000010CDE054A0A2C401AC042D13C8045E04440,2012-02-14 16:32:25.013,33,107,Área de recreo
63,Mehires fálicos y relieves en el muro de la iglesia,0xE6100000010CBD344580D31B19C0B131AF230EDF4440,2012-02-14 17:33:14.167,37,107,Monumentos
64,Área recreativa de Sahu,0xE6100000010C18EE5C18E95519C00D1AFA27B8D84440,2012-02-14 18:06:37.367,2,107,Área recreativa
65,Campo de futbol de Sahu,0xE6100000010C5E8429CAA55119C095D233BDC4D84440,2012-02-14 18:09:06.860,2,107,campo de futbol
66,Fuente el Prao,0xE6100000010CB3B3E89D0AA818C0C24F1C40BFD54440,2012-02-14 19:23:14.423,42,NULL,NULL
67,Chariz del Gargallón,0xE6100000010C512E8D5F78A518C0C423F1F274D64440,2012-02-14 19:25:36.227,42,NULL,NULL
68,La Fuentica,0xE6100000010CEBE5779ACCA818C00F43AB9333D64440,2012-02-14 19:26:50.060,42,NULL,NULL
70,Iglesia de San Juan Bautista,0xE6100000010CE831CA332FA718C0378AAC3594D64440,2012-02-14 19:30:18.273,42,NULL,NULL
71,Ermita de Nuestra Señora de la Ribera,0xE6100000010C2CD49AE61DA718C058A835CD3BD64440,2012-02-14 19:34:01.477,42,107,Iglesia
72,Laguna de Camporedondo,0xE6100000010CC4995FCD013219C097E315889EDA4440,2012-02-14 19:34:44.890,29,107,laguna
73,Esquela romana,0xE6100000010C7E5704FF5BA918C02EFF21FDF6D54440,2012-02-14 19:37:03.620,42,107,Resto arqueológico
74,Merendero Labayo,0xE6100000010CFE7F9C30616419C0C7D5C8AEB4E04440,2012-02-14 19:53:03.403,45,107,merendero
75,Becerro prerromano (siglo IV a. C.) y miliario de la vía romana  Astorga-Braga (Vía XII),0xE6100000010CB22AC24D466519C07D0569C6A2E34440,2012-02-14 20:13:40.430,50,107,monumentos
76,Molino de la Veiga,0xE6100000010C4548DDCEBEA218C084D382177DD74440,2012-02-14 20:18:08.123,42,20212,NULL
77,Crucero con tallas antropomorfas y animales,0xE6100000010C9C33A2B437C819C08542041C42EF4440,2012-02-14 20:18:53.737,16,107,monumento
78,Fuente romana (La Grande),0xE6100000010C3197546D37111AC0B96DDFA3FEE24440,2012-02-14 20:33:58.673,33,107,fuente
79,Molino de los Alfonsos,0xE6100000010CD619DF1797AA18C0AC1A84B9DDD74440,2012-02-14 20:34:39.263,42,20212,NULL
80,Fuente del Colmenar,0xE6100000010C5EA0A4C002C818C01AC1C6F5EFD64440,2012-02-14 20:41:03.897,42,1,fuentes
81,Fuente Herrada,0xE6100000010CAAF1D24D623019C030116F9D7FE14440,2012-02-14 20:45:24.087,24,107,fuente
82,"Merendero ""El Tremedal""",0xE6100000010C32CB9E04364719C0A032FE7DC6E14440,2012-02-14 20:47:29.150,24,107,merendero
83,Fuente de la Ramazosa,0xE6100000010CFE0E45813EC118C03561FBC918D74440,2012-02-14 20:47:54.860,42,20212,NULL
84,El Palomar,0xE6100000010CB6662B2FF9AF18C07638BA4A77D54440,2012-02-14 20:53:18.417,42,20212,antiguo molino de viento
85,Molino de Ruiney,0xE6100000010C1E4E603AADEB19C009336DFFCAE64440,2012-02-15 12:17:28.837,43,NULL,construcción tradicional
86,Mina Maricarmen,0xE6100000010C4C16F71F99EE19C02E56D4601AE64440,2012-02-15 12:19:42.870,43,NULL,mina de barita
87,Fuente,0xE6100000010C3CA2427573E119C0494BE5ED08E34440,2012-02-15 12:23:35.713,63,NULL,Fuente
88,Cruz del campo,0xE6100000010C23BA675DA3D519C0C8D11C59F9E14440,2012-02-15 12:25:13.290,63,NULL,crucero
89,Molino Candaneo,0xE6100000010C4C6BD3D85ECB19C0865451BCCAE44440,2012-02-15 12:29:04.403,43,NULL,construcción tradicional
90,Molino,0xE6100000010C535E2BA1BBE419C0DD5F3DEE5BE74440,2012-02-15 12:34:09.163,59,NULL,Molino
91,Cruz,0xE6100000010C7CB60E0EF6D619C0E50E9BC8CCE54440,2012-02-15 12:35:25.570,43,NULL,Crucero
94,Iglesia de San Esteban,0xE6100000010C124A5F0839DF19C0975643E21EE34440,2012-02-16 17:16:36.520,63,NULL,Iglesia
95,Comedor Social de Viñas,0xE6100000010C04C93B8732E419C091990B5C1EE34440,2012-02-16 17:17:57.077,63,NULL,Comedor Social
96,Salón Municipal,0xE6100000010C1A4E999B6FE419C0E814E46723E34440,2012-02-16 17:18:56.620,63,NULL,Salon
97,Centro Medico,0xE6100000010C753E3C4B90E119C0A5660FB402E34440,2012-02-16 17:20:06.167,63,NULL,Centro Medico
98,"Fuente de ""El Chorro""",0xE6100000010C5BB4006DABD919C0A585CB2A6CE24440,2012-02-16 17:21:51.530,63,NULL,Fuentes
99,Lavadero,0xE6100000010C69A7E67283E119C068CC24EA05E34440,2012-02-16 17:23:17.110,63,NULL,monumentos
100,Piscina Fluvial,0xE6100000010CB0E3BF4010E019C016342DB132E44440,2012-02-16 17:25:47.010,63,NULL,"piscinas, area recreativa"
101,Área Recreativa de La Ribera,0xE6100000010CEA58A5F44CDF19C04F7974232CE44440,2012-02-16 17:28:58.327,63,NULL,"Área Recreativa, Parrillas, Columpios"
102,"Fuente de ""El Cardagal""",0xE6100000010CA454C2137ADD19C0522CB7B41AE44440,2012-02-16 17:31:23.840,63,NULL,Fuentes
103,Ermita,0xE6100000010CD4B837BF61E219C02828452BF7E24440,2012-02-16 17:34:45.797,63,NULL,Iglesias
104,"Molino ""Nuevo""",0xE6100000010CDFDFA0BDFAE819C0EA03C93B87E44440,2012-02-16 17:36:00.320,63,NULL,Monumentos
105,Fuente del camino encima,0xE6100000010CB8955E9B8D5519C0BD395CAB3DEC4440,2012-02-16 18:46:38.313,35,1,fuentes
106,Fuente el depósito,0xE6100000010C78962023A05219C0F52F49658AED4440,2012-02-16 18:47:29.137,35,1,fuentes
107,El cabezón del moro,0xE6100000010C3A3DEFC6825219C082751C3F54EE4440,2012-02-16 18:48:33.410,35,1,"peña,paisaje,curiosidad"
108,Balseta del Billar,0xE6100000010C8046E9D2BF9418C04A0856D5CBD54440,2012-02-16 18:58:06.360,42,4609,NULL
109,Cruz del Carvayo,0xE6100000010C9ED2C1FA3FA718C087191A4F04D74440,2012-02-16 18:59:51.083,42,4609,NULL
110,Puente de las Llameras,0xE6100000010CA33CF372D89D18C048DE3994A1D84440,2012-02-16 19:02:33.353,42,4609,NULL
111,Merenderos,0xE6100000010C997E8978EB5C19C0ED629AE95EED4440,2012-02-16 19:09:58.450,35,1,"merenderos,asador"
112,Chariz de la Ribera,0xE6100000010C3CBD5296219E18C03DF20703CFD74440,2012-02-16 19:12:03.297,42,4609,NULL
113,Castro gallinera,0xE6100000010CF8C1F9D4B11A19C03691990B5CE04440,2012-02-16 21:25:40.887,37,6527,castro celta
114,Castro San Juan,0xE6100000010CE88711C2A32D19C0E5F21FD26FDF4440,2012-02-16 21:26:29.230,37,107,castro
115,Castico,0xE6100000010C93196F2BBD1619C0D905836BEEDE4440,2012-02-16 21:27:12.707,37,6527,castro celta
116,Centro de Interpretacion de las especies micológicas,0xE6100000010C6B494739981D19C0618BDD3EABDE4440,2012-02-16 21:27:59.440,37,6527,NULL
117,Merenderos de la Cuesta,0xE6100000010C6E861BF0F9A118C087A757CA32D64440,2012-02-16 21:42:34.083,42,4609,NULL
118,Chariz del Maderal,0xE6100000010C81785DBF60B718C06D533C2EAAD94440,2012-02-16 21:45:02.370,42,4609,NULL
119,Chariz de Rotalobo,0xE6100000010C82ACA7565FCD18C0A2B5A2CD71D84440,2012-02-16 21:49:40.663,42,4609,NULL
120,Chariz del Fervelli,0xE6100000010CAD1402B9C47118C0E9482EFF21D34440,2012-02-16 21:51:58.203,42,4609,NULL
121,Pozo la Caldera,0xE6100000010C7E1D3867447918C0003CA24275D34440,2012-02-16 21:56:19.603,42,4609,NULL
122,Chariz de la Redondecha,0xE6100000010CBBD23252EF9918C0797764AC36D54440,2012-02-16 21:58:52.743,42,4609,NULL
123,Las Bergadinas,0xE6100000010C6F62484E26AE18C03EB324404DD54440,2012-02-16 22:02:44.707,42,4609,NULL
124,Corral de las Vacas,0xE6100000010CADDD76A1B9AE18C0CC7F48BF7DD54440,2012-02-16 22:05:23.680,42,107,corral
125,Merenderos del Palomar,0xE6100000010C8A05BEA25BAF18C01AA20A7F86D54440,2012-02-16 22:08:35.317,42,4609,NULL
126,Muro de Coreije,0xE6100000010C06BAF605F4D218C0FD135CACA8D74440,2012-02-16 22:13:04.330,42,4609,NULL
127,Valdelbino,0xE6100000010C3A048E041ABC18C0784485EAE6D64440,2012-02-17 07:43:31.600,42,20212,donde se lavaba antiguamente
128,Molino la fragua,0xE6100000010CEFAEB321FF5C19C0410E4A9869ED4440,2012-02-17 08:31:35.753,35,1,molinos
129,Molino de Royales,0xE6100000010CC32B499EEB5B19C0BABDA4315AED4440,2012-02-17 08:33:06.060,35,1,molinos
130,El Chariz de la Era,0xE6100000010C7AC7293A92CB18C0251FBB0B94DC4440,2012-02-17 09:20:32.650,27,7830,NULL
131," La Fontanina",0xE6100000010C50ABE80FCDCC18C0BE1589096ADC4440,2012-02-17 09:21:45.280,27,7830,NULL
132," El Molino de viento",0xE6100000010C501BD5E940C618C08ECBB8A981DC4440,2012-02-17 09:23:46.867,27,7830,NULL
133,"Fuente ""La peñona""",0xE6100000010C554B3ACAC1CC18C0F3E670ADF6DC4440,2012-02-17 09:25:19.467,27,7830,NULL
134,fuente ferrada,0xE6100000010C1901158E20D519C0A3C85A43A9E54440,2012-02-17 10:35:39.240,43,NULL,fuente
135,fuente de la era,0xE6100000010CABB35A608FD919C0757808E3A7E54440,2012-02-17 10:37:58.560,43,NULL,fuente
136,Merendero,0xE6100000010CADA6EB89AEEB19C084674293C4E64440,2012-02-17 10:42:31.497,43,NULL,Merendero
137,Presa Ruiney,0xE6100000010C075F984C15EC19C09B728577B9E64440,2012-02-17 10:44:47.233,43,NULL,zona de baño
138,Peñas de Fonfría,0xE6100000010CBAF42F49659A18C099107349D5D24440,2012-02-17 14:29:05.220,42,4609,NULL
139,Nave Multiusos,0xE6100000010C49D9226937AA18C09D7FBBECD7D54440,2012-02-17 14:30:57.773,42,4609,NULL
140,Balseta del Campillo,0xE6100000010C60CB2BD7DB9618C01B12F758FAD64440,2012-02-17 15:43:18.503,42,4609,NULL
141,Balseta de la Llama,0xE6100000010C14E7A8A3E3CA18C0508BC1C3B4D74440,2012-02-17 15:44:43.927,42,4609,NULL
142,Balseta de Valdelvino,0xE6100000010C00C45DBD8ABC18C00ADB4FC6F8D64440,2012-02-17 15:45:57.053,42,4609,NULL
143,"Arroyo ""Las Peñicas""",0xE6100000010C7026A60BB1CA18C071218FE046DC4440,2012-02-17 16:04:43.067,27,7830,NULL
144,Buchina de la Medorra,0xE6100000010CE78D93C2BC9718C099654F029BD54440,2012-02-17 19:30:51.973,42,4609,NULL
145,Veiga el Ramayal,0xE6100000010C5E807D74EAAA18C068226C787AD54440,2012-02-17 19:33:23.987,42,4609,Galaza
146,Fuente Romana,0xE6100000010CA794D74AE8FE19C0D04543C6A3F04440,2012-02-18 08:34:47.740,61,107,fuente
147,Antiguo molino,0xE6100000010CDE57E542E5DF18C014B1886187DD4440,2012-02-18 08:37:03.117,55,107,molino
148,Fuente San Pedro,0xE6100000010C0E846401138819C0280EA0DFF7F34440,2012-02-18 08:41:12.827,48,107,fuente
149,Molino de agua,0xE6100000010CFA42C879FFDF19C0AE9D280989D84440,2012-02-18 08:45:03.707,46,107,molino
150,Merendero,0xE6100000010CC3D8429083E219C0919BE1067CD84440,2012-02-18 08:46:25.433,46,107,merendero
151,Cuevas de Rotacueva,0xE6100000010C3FA88B14CAA218C0E04DB7EC10D74440,2012-02-18 16:43:41.380,42,4609,NULL
152,Balseta de las Llameras,0xE6100000010C8A3F8A3A739F18C0F6251B0FB6D84440,2012-02-18 16:45:21.330,42,4609,NULL
153,Fuente la Teta,0xE6100000010C5A4B0169FFA318C05915E126A3D84440,2012-02-18 16:47:26.970,42,4609,NULL
154,Puente del Caño,0xE6100000010CAAB8718BF9A918C0C5C6BC8E38D84440,2012-02-18 16:50:35.480,42,4609,NULL
155,Fuente del Caño,0xE6100000010C295E656D53AC18C0D2E3F736FDD74440,2012-02-18 16:52:23.430,42,4609,NULL
156,Gravera de las Llameras,0xE6100000010CA1BFD023469F18C01E51A1BAB9D84440,2012-02-18 16:54:12.037,42,4609,NULL
157,Alto el Pielago,0xE6100000010C113AE8120E9D18C0B3EC496073D84440,2012-02-18 16:55:28.820,42,4609,NULL
158,Fuente Herrada de la Veiga,0xE6100000010C82531F48DE9918C04834812216D94440,2012-02-18 16:58:12.620,42,4609,NULL
159,"fuente las viñas ",0xE6100000010CA629029CDE9518C0B29E5A7D75DB4440,2012-02-18 20:41:43.193,65,NULL,"fuente "
160,"El Calvario ",0xE6100000010CF8A57EDE549418C010CAFB389ADB4440,2012-02-18 20:45:55.957,65,NULL,"Mirador con vistas al rio aliste , y merendero"
161,Molino de la zuda,0xE6100000010CE97DE36BCF5C19C0807F4A9528ED4440,2012-02-19 12:50:41.260,35,1,molinos
162,Peñas Marías,0xE6100000010C5C3CBCE7C08218C07BDB4C8578D44440,2012-02-19 14:58:12.997,42,4609,NULL
163,Fuente de Bermellino,0xE6100000010C04543882549A18C01F4C8A8F4FD44440,2012-02-19 15:00:32.953,42,4609,NULL
164,Fuente de la Viera,0xE6100000010CFCC8AD49B79518C04913EF004FD44440,2012-02-19 15:02:40.027,42,4609,NULL
165,Fuente de Tozalforno,0xE6100000010CD6E59480989418C08657923CD7D34440,2012-02-19 15:06:09.370,42,4609,NULL
166,Fuente del Maragato (Prao de Barrocal),0xE6100000010C30D7A205689B18C033C4B12E6ED34440,2012-02-19 15:08:41.417,42,4609,NULL
167,Cantera de pizarra,0xE6100000010C96404AECDAFE18C0232F6B6281E94440,2012-02-20 09:10:55.160,34,1,"canteras,pizarreras"
168,Curunda Cesarea,0xE6100000010C6397A8DE1A1819C0BBB88D06F0DE4440,2012-02-20 15:42:47.760,37,107,"Restos arqueológicos "
169,Iglesia,0xE6100000010CA8734529215819C02E20B41EBEEC4440,2012-02-21 08:44:58.980,35,1,"iglesia,cementerio"
170,Fuente del Cuco,0xE6100000010C274A42226DA318C04D1421753BD74440,2012-02-21 14:41:43.483,42,20212,NULL
171,Molino de la Veiga,0xE6100000010CE4688EACFCA218C040F7E5CC76D74440,2012-02-21 14:43:40.170,42,20212,NULL
172,Molino de los Alfonsos,0xE6100000010CED9925016AAA18C090696D1ADBD74440,2012-02-21 14:45:59.930,42,20212,NULL
173,Fuente Valdelvino,0xE6100000010C38656EBE11BD18C082FFAD64C7D64440,2012-02-21 18:09:41.230,42,4609,NULL
174,Iglesia,0xE6100000010C46072461DF3E19C0DF18028063EB4440,2012-02-22 08:39:40.150,25,1,Iglesias
177,Iglesia Sta. Mª Magdalena,0xE6100000010C6ABFB513253119C029ECA2E881E14440,2012-02-22 20:10:49.810,24,107,iglesia
178,Cvrvnda,0xE6100000010C323A2009FB1619C06ADD06B5DFDE4440,2012-02-23 07:44:25.497,37,NULL,Restos arqueológicos
179,Castro 'La Luisa'. (Posible inscripción romana),0xE6100000010C3F90BC73281319C009A4C4AEEDDB4440,2012-02-23 07:50:55.153,37,NULL,Restos arqueológicos
180,Inscripción dedicatoria al Emperador Octavio Augusto (siglo I d.c).,0xE6100000010C3C6C2233171819C0596C938AC6DE4440,2012-02-23 07:56:53.687,37,NULL,Restos arqueológicos
181,Castro 'El Castrico' (Posible emplazamiento de Cvrvnda -caput civitae de los Zoelas-),0xE6100000010CA81C93C5FD1719C09546CCECF3DE4440,2012-02-23 08:00:10.043,37,NULL,Restos Arqueológicos
182,"Estelas romanas procedentes del castro 'El Castrico', insertas en fachadas de casas del pueblo",0xE6100000010CB3D2A414741B19C0F38E537424DF4440,2012-02-23 08:04:29.177,37,107,Restos arqueológicos
183,Iglesia de San Pedro,0xE6100000010CD174763238CA18C0077AA86DC3D84440,2012-02-23 18:27:36.027,42,4609,"Aquí estuvo el Iglesia de San Pedro donde peregrinaban con sus santos los pueblos colindantes. "
184,Buchina de la Redondecha,0xE6100000010C691EC022BF9E18C019C748F608D54440,2012-02-23 18:29:10.730,42,4609,NULL
185,Fuente el Billar,0xE6100000010CDD240681959318C00987DEE2E1D54440,2012-02-23 18:30:49.787,42,4609,NULL
186,La Lavandera,0xE6100000010CE50CC51D6FB218C0DBDFD91EBDD54440,2012-02-23 18:34:19.630,42,4609,NULL
187,Los Matones,0xE6100000010CF792C6681DB518C0022EC896E5D54440,2012-02-23 18:35:49.907,42,4609,NULL
188,Los Chiviriteros,0xE6100000010CB7D4415E0FB618C0EDB94C4D82D54440,2012-02-23 18:37:16.250,42,4609,NULL
189,La Encina,0xE6100000010C295C8FC2F5B818C0E8BB5B59A2D54440,2012-02-23 18:38:38.833,42,4609,NULL
190,Las Cicuteras,0xE6100000010CB1321AF9BCC218C0BBEF181EFBD54440,2012-02-23 18:40:39.387,42,4609,NULL
191,Peña Corba,0xE6100000010C809F71E140C818C0A7B393C151D64440,2012-02-23 18:41:45.527,42,4609,NULL
192,Valdecañizas,0xE6100000010CE030D12005CF18C0C5FEB27BF2D64440,2012-02-23 18:43:08.203,42,4609,NULL
193,Los Benitos,0xE6100000010CA54A94BDA5CC18C0255B5D4E09D84440,2012-02-23 18:44:52.377,42,4609,NULL
194,Las Pariciones,0xE6100000010CB91798158AC418C068226C787AD74440,2012-02-23 18:46:44.057,42,4609,NULL
195,Valdemellanes,0xE6100000010C0E1137A792C118C08E075BECF6D74440,2012-02-23 18:48:10.510,42,4609,NULL
196,Bocabrio,0xE6100000010CE21FB6F468BA18C0EBE3A1EF6ED74440,2012-02-23 18:49:59.520,42,4609,NULL
197,Millón,0xE6100000010CC3A04CA3C9D518C0C87E164B91D84440,2012-02-23 18:51:24.850,42,4609,NULL
198,La Magarza,0xE6100000010CC3B645990DD218C029CB10C7BAD84440,2012-02-23 18:53:13.677,42,4609,NULL
199,La Majada de la Ramazosa,0xE6100000010CB7D26BB3B1C218C044FCC3961ED74440,2012-02-23 18:54:19.210,42,4609,NULL
200,El Pozo Llamerón,0xE6100000010CBC94BA641CC318C08ECEF9298EDB4440,2012-02-24 06:31:05.750,27,7830,Fuente
201,El Campetón,0xE6100000010CCC09DAE4F0D918C05837DE1D19DB4440,2012-02-24 06:33:22.593,27,7830,NULL
202,Fuente las bragas,0xE6100000010CC8B260E28FC218C0DE1D19ABCDDB4440,2012-02-24 10:49:28.720,27,7830,Fuente
203,Crucero,0xE6100000010CE71725E82F4419C05E2A36E675E64440,2012-02-25 19:30:43.800,60,107,Monumento
204,Orrieta el Espantayo,0xE6100000010C4A0D6D0036C018C082751C3F54DA4440,2012-02-26 08:57:54.217,27,7830,paraje
205,Orrieta Ladrón,0xE6100000010CDACA4BFE27BF18C0450E1137A7DA4440,2012-02-26 08:59:14.137,27,7830,Paraje
206,El carril de San Pedro,0xE6100000010CDA38622D3EC518C02907B30930DA4440,2012-02-26 09:02:05.563,27,7830,Paraje
208,Las Coronas,0xE6100000010C84D558C2DA5819C056B8E52329E14440,2012-02-26 22:47:25.537,24,107,"Punto Geodésico "
209,Fuente Cantería,0xE6100000010CE753C72AA54719C0D174763238DC4440,2012-02-27 14:51:11.860,29,NULL,Fuentes
210,Pinar de Coreige,0xE6100000010C56815A0C1ED618C03EB14E95EFD74440,2012-02-27 16:56:41.310,42,20212,pinar
211,La Vereda,0xE6100000010C1DAED51EF6B218C0C63368E89FD44440,2012-02-27 16:58:13.740,42,20212,Cañada Real
212,Valdetolilla,0xE6100000010C82548A1D8DC318C037FDD98F14D94440,2012-02-27 17:01:17.070,42,4609,Arboleda
213,Cortes,0xE6100000010C99D6A6B1BDB618C0DC645419C6D74440,2012-02-27 17:04:08.797,42,4609,Valle
214,Arroyo de los Molinos,0xE6100000010C838769DFDCAF18C0570740DCD5D74440,2012-02-27 17:05:51.303,42,4609,Valle
215,El Carbonero,0xE6100000010C04FF5BC98EAD18C058A835CD3BD64440,2012-02-27 17:07:16.977,42,107,Punto Geodésico
216,La Cruz de los Caminos,0xE6100000010CE789E76C01B118C06DAE9AE788D64440,2012-02-27 17:08:09.923,42,4609,Camino
217,Camino la Villa,0xE6100000010CDDEF5014E8B318C04221020EA1D64440,2012-02-27 17:09:04.350,42,4609,Camino
218,Palomar  del  Maestro,0xE6100000010CCF143AAFB1AB18C0A01A2FDD24D64440,2012-02-27 17:12:26.253,42,107,palomar
219,Palomar,0xE6100000010CD23AAA9A20AA18C02E90A0F831D64440,2012-02-27 17:13:15.890,42,107,palomar
220,Palomares en la Corredera,0xE6100000010C5419C6DD20AA18C08BC1C3B46FD64440,2012-02-27 17:15:43.680,42,20212,hay 2
221,El Espinacal,0xE6100000010C92EA3BBF28B118C06E895C7006D74440,2012-02-27 22:12:58.110,42,4609,Valle
222,Iglesia,0xE6100000010C6F0F4240BE9418C0EAB12D03CEE64440,2012-02-27 22:55:45.807,1,NULL,Iglesia Parroquia Monumento
224,Praconcejo,0xE6100000010CCD22145B419318C0847EA65EB7E64440,2012-02-27 23:02:23.773,1,NULL,Plaza Mayor Era Orquesta
225,Fuente,0xE6100000010C87DC0C37E09318C04D83A27900E74440,2012-02-27 23:03:20.760,1,NULL,Agua Manantial Fuente Lavadero
226,Tres Cruces,0xE6100000010C5DE0F258339218C096B036C64EE64440,2012-02-27 23:04:55.637,1,NULL,Tres Cruces
227,Apeadero,0xE6100000010C3C2EAA45449118C0B77EFACF9AE74440,2012-02-27 23:05:29.643,1,NULL,Parada Tren
228,Estación Renfe,0xE6100000010C670E492D947C18C0FBEAAA402DE64440,2012-02-27 23:06:19.440,1,NULL,"Estación Abandonada Renfe "
229,Peña Corbacera,0xE6100000010C0C0742B2807918C0350BB43BA4E64440,2012-02-27 23:06:57.410,1,NULL,"Peña Corbacera "
230,Pilón Fornico,0xE6100000010C3C6A4C88B99418C07C2B1213D4E64440,2012-02-27 23:07:53.600,1,NULL,Pilón Cencerrones Fornico Iglesia Plaza
232,La Raya,0xE6100000010C86E464E256A118C0930035B56CE74440,2012-02-27 23:10:03.623,1,NULL,Frontera Abejera-Riofrio
233,Urbanización Santa Teresa,0xE6100000010C70404B57B05D19C0F7CABC55D7D94440,2012-02-27 23:36:26.847,2,107,Urbanización
234,Polideportivo Municipal,0xE6100000010C06668522DD5F19C07D586FD40AD94440,2012-02-27 23:38:24.343,2,107,Polideportivo
235,Punto Limpio,0xE6100000010CF08AE07F2B6919C0290989B48DD94440,2012-02-27 23:40:36.820,2,107,punto limpio
236,Piscina natural de Palazuelo,0xE6100000010C01344A97FE6519C0BABDA4315ADB4440,2012-02-27 23:42:17.313,2,107,Piscina
237,Frontón Municipal,0xE6100000010CE6EAC726F96119C0AB23473A03D94440,2012-02-27 23:48:12.320,2,107,Frontón
239,Fuente Lugar,0xE6100000010C1310937021CF18C07D94111780DC4440,2012-02-28 06:38:57.790,27,7830,fuente
240,El furmiguero,0xE6100000010CA54A94BDA5CC18C081221631ECDC4440,2012-02-28 06:41:09.330,27,7830,paraje
241,Pilón Montagueime,0xE6100000010C3A7AFCDEA68F18C0E8BE9CD9AEE64440,2012-02-28 15:49:02.280,1,NULL,Pilón Huerta Lavadero Montagueime
242,La Vereda,0xE6100000010CBFB9BF7ADCB718C01F84807C09D54440,2012-02-28 22:17:40.530,42,4609,Cañada Real
243,La Vereda,0xE6100000010CF4A78DEA74B018C07A1C06F357D44440,2012-02-28 22:56:48.877,42,20212,Es cañada Real
244,Santuario Virgen de Fatima,0xE6100000010C61DF4E22C20F1AC0C9AF1F6283EF4440,2012-02-29 07:56:10.473,61,107,santuario
245,Santuario Virgen de Fatima,0xE6100000010CB2648EE55DE518C0F0A7C64B37E14440,2012-02-29 07:57:21.560,21,107,santuario
246," Pinturas pertenencientes a fragmentos de la vida de Santo Domingo de Gúzman,",0xE6100000010CAF93FAB2B44319C0F1643733FAD74440,2012-02-29 08:01:22.160,64,107,pinturas
247,Portilla Blanca (Mirador),0xE6100000010C3B53E8BCC68E19C00B0DC4B299DB4440,2012-02-29 08:22:58.223,2,107,punto geodesico
248,Frontón Municipal,0xE6100000010C6ADAC534D31D19C056F487669EDE4440,2012-02-29 16:54:42.890,37,107,pista deportiva
249,Piscina Municipal,0xE6100000010C2237C30DF81C19C0029A081B9EDE4440,2012-02-29 16:55:55.133,37,107,piscina
250,La Casa  Concejo,0xE6100000010C21CD58349DCD18C00E65A88AA9DC4440,2012-02-29 18:16:14.333,27,7830,Edificio público
251,Las peñas de La Muela,0xE6100000010CD656EC2FBB3719C0FBCE2F4AD0DB4440,2012-03-02 23:07:37.990,29,NULL,Paisaje natural
252,El Molino Matarranas,0xE6100000010C59164CFC513419C0C8EE022505DC4440,2012-03-02 23:10:34.817,29,NULL,Monumento
253,Camino Morisco,0xE6100000010C7FDDE9CE134F19C025CCB4FD2BDB4440,2012-03-02 23:13:35.653,29,NULL,"Ruta "
254,Chariz de la Fuentica,0xE6100000010C0D37E0F3C3A818C091ED7C3F35D64440,2012-03-02 23:23:17.877,42,107,fuente
255,La Ofrenda,0xE6100000010CE353008C67D018C03E42CD902ADC4440,2012-03-03 09:31:41.210,27,7830,paraje
256,Los Contabandos,0xE6100000010C446D1B4641C018C0D5EC815660DA4440,2012-03-03 09:34:30.190,27,7830,paraje
257,Botión,0xE6100000010C0CCEE0EF17B318C04B395FECBDD84440,2012-03-03 15:09:04.933,42,4609,Valle
258,Las Praderas,0xE6100000010C1A53B0C6D9B418C0E7E099D024D94440,2012-03-03 15:11:03.370,42,4609,Valle
259,El Maderal,0xE6100000010C2ACAA5F10BBF18C0E1CFF0660DDA4440,2012-03-03 15:12:22.227,42,4609,Valle
260,Alto el mayo,0xE6100000010C48FE60E0B9C718C09ED32CD0EEDC4440,2012-03-04 09:01:18.107,27,7830,paraje
261,Valdelmayo,0xE6100000010C4E417E3672AD18C021ACC612D6D84440,2012-03-05 14:34:38.327,42,4609,Valle
262,La Castillera,0xE6100000010C922232ACE2AD18C0FC389A232BD94440,2012-03-05 14:35:55.407,42,4609,Galaza
263,Valdelmayo,0xE6100000010C79E9263108CC18C07024D06053DB4440,2012-03-05 18:00:08.390,27,7830,paraje
264,Valdelmayo,0xE6100000010C79E9263108CC18C07024D06053DB4440,2012-03-05 18:00:10.683,27,7830,paraje
265,Valdespino,0xE6100000010C573ECBF3E09E18C0A1A2EA573AD94440,2012-03-05 18:35:50.480,42,4609,Galaza
266,Llanadas,0xE6100000010C9D2CB5DE6FA418C04FEACBD24ED94440,2012-03-05 18:37:34.063,42,4609,Monte
267,La Veiga,0xE6100000010C4B581B63279C18C00D1AFA27B8D84440,2012-03-05 18:39:42.497,42,4609,Valle
268,Vaniella,0xE6100000010C321D3A3DEFC618C081ECF5EE8FD94440,2012-03-05 18:40:46.440,42,4609,Monte
269,Valle Grande,0xE6100000010C8ACBF10A44BF18C0E1CFF0660DDA4440,2012-03-05 18:42:45.670,42,4609,Valle
270,Molino Valdelmayo,0xE6100000010C4F1F813FFCAC18C0E38C614ED0D84440,2012-03-05 18:45:54.803,42,4609,(Ya no existe pero estaba en este lugar)
271,Galaza la Carrozal,0xE6100000010CCEC29E76F8BB18C0703E75AC52DA4440,2012-03-05 18:47:59.087,42,4609,Galaza
272,"Camino Gallegos ",0xE6100000010C724D81CCCEB218C0328FFCC1C0D94440,2012-03-05 18:50:20.690,42,4609,Sendero
273,Galaza el Maderal,0xE6100000010C3BE2900DA4BB18C0B22FD978B0D94440,2012-03-05 18:52:41.197,42,4609,Galaza
274,Las Divisinas,0xE6100000010C1E882CD2C4CB18C0596B28B517D94440,2012-03-05 18:54:52.017,42,4609,Monte
275,Cabezamonzon,0xE6100000010CDACA4BFE27BF18C007B309302CD94440,2012-03-05 18:56:42.183,42,4609,Monte
276,"Las Chanas ",0xE6100000010C3A048E041ABC18C0FD851E317AD84440,2012-03-05 18:58:15.737,42,4609,Monte
277,El Cumbre,0xE6100000010CAB5CA8FC6BB918C079758E01D9D74440,2012-03-05 19:00:28.930,42,4609,Monte
278,La Guisada,0xE6100000010C50E3DEFC86C918C0A872DA5372D84440,2012-03-05 19:05:13.110,42,4609,Galaza
279,"Los Paleros ",0xE6100000010C1AC1C6F5EFBA18C023A30392B0D74440,2012-03-05 19:08:08.750,42,4609,Valle
280,Los Chiviteros,0xE6100000010C6AC020E9D3BA18C095F430B43ADB4440,2012-03-05 19:08:47.220,27,7830,paraje
281,Valdebuey,0xE6100000010C91EEE714E49718C082397AFCDED84440,2012-03-05 19:09:54.080,42,4609,Valle
282,El Jaralón,0xE6100000010C374F75C8CDC018C096ED43DE72DB4440,2012-03-05 19:10:39.460,27,7830,paraje
283,La Llamera la Ferrera,0xE6100000010C06BEA25BAFB918C0C828CFBC1CD84440,2012-03-05 19:12:04.340,42,4609,Galaza
284,Las Carbas,0xE6100000010C8A01124DA0C818C09677D503E6D94440,2012-03-05 19:12:37.537,27,7830,paraje
285,El Camino la Villa,0xE6100000010C69E55E6056D818C0BDE2A9471ADC4440,2012-03-05 19:14:06.613,27,7830,paraje
286,La Manga,0xE6100000010C399B8E006EC618C05798BED710DC4440,2012-03-05 19:15:28.247,27,7830,paraje
287,Convento de los Benitos,0xE6100000010C1E1840F850D218C0FE28EACC3DD84440,2012-03-05 19:15:58.213,42,4609,Antiguo convento que había en este luegar de los Benidectinos
288,El Trampadal,0xE6100000010CE50AEF7211BF18C085E97B0DC1DB4440,2012-03-05 19:16:42.957,27,7830,paraje
289,Esquinote,0xE6100000010C27A3CA30EED618C046425BCEA5D64440,2012-03-05 19:18:52.870,42,4609,Monte
290,El Pozo la Jafríz,0xE6100000010C9C53C90050B518C0664D2CF015DB4440,2012-03-05 19:20:21.603,27,7830,paraje
291,La Majada las Vacas,0xE6100000010CAFE9414129DA18C0BDDF68C70DD74440,2012-03-05 19:21:18.857,42,4609,Monte
292,El Esquinote,0xE6100000010CFE9E58A7CAC718C05C55F65D11DC4440,2012-03-05 19:21:49.650,27,7830,paraje
293,El Tejar,0xE6100000010C7D7A6CCB80D318C0433D7D04FED64440,2012-03-05 19:22:58.273,42,4609,antiguamente había un tejar
294,Valdecarbayo,0xE6100000010CC2DA183BE1C518C06C938AC6DADB4440,2012-03-05 19:23:21.677,27,7830,paaraje
295,El Tejar,0xE6100000010CD175E107E7C318C07157AF22A3DB4440,2012-03-05 19:24:23.623,27,7830,paraje
296,El Colmenal,0xE6100000010C68791EDC9DC518C05C936E4BE4D64440,2012-03-05 19:25:09.770,42,4609,Valle
297,Majada Llagona,0xE6100000010C0C3CF71E2EB918C0514B732B84DB4440,2012-03-05 19:26:00.187,27,7830,paraje
298,Molino la Ramazosa,0xE6100000010C7383A10E2BBC18C044FCC3961ED74440,2012-03-05 19:26:39.780,42,4609,Antiguamente había aqui un molino
299,Pradera la Ramazosa,0xE6100000010CD5D0066003C218C0170D198F52D74440,2012-03-05 19:28:07.577,42,4609,Pradera
300,"Los Chaparrales ",0xE6100000010CD74D29AF95C018C00EF5BBB035D74440,2012-03-05 19:30:04.373,42,4609,Galaza
301,Los Piluetros.,0xE6100000010C1A89D00836BE18C0FDBD141E34D74440,2012-03-05 19:31:20.970,42,4609,Galaza
302,El prao del Cura,0xE6100000010C9A42E73576C918C0A038807EDFDB4440,2012-03-05 19:31:28.473,27,7830,paraje
303,Los Fontanos,0xE6100000010C6133C005D9C218C04D6A6803B0D54440,2012-03-05 19:32:34.477,42,4609,Galaza
304,Ei víncalo,0xE6100000010CDA006C4084C818C030D63730B9DB4440,2012-03-05 19:32:44.617,27,7830,paraje
305,El Campetico,0xE6100000010C213B6F63B3D318C0187959130BDC4440,2012-03-06 10:07:53.960,27,7830,predera
306,La Guelga,0xE6100000010C7104A9143BCA18C0174A26A776DC4440,2012-03-06 10:11:14.913,27,7830,paraje
307,Fuente Llamera,0xE6100000010CBC02D19332C918C08C69A67B9DDC4440,2012-03-06 10:12:24.127,27,7830,fuente
308,El Jeijo,0xE6100000010C399B8E006EC618C02AE3DF675CDC4440,2012-03-06 10:13:35.310,27,7830,paraje
309,Las LLaticas,0xE6100000010C079ACFB9DBC518C0998235CEA6DB4440,2012-03-06 10:15:00.173,27,7830,viñas
310,Camporredondo,0xE6100000010C4A7B832F4CC618C0C669882AFCD54440,2012-03-06 16:46:38.583,42,4609,Galaza
311,El Brazo,0xE6100000010C7383A10E2BBC18C098FA795391D64440,2012-03-06 16:50:11.367,42,4609,Galaza
312,La Quiruela,0xE6100000010C0C3CF71E2EB918C01E6D1CB116D74440,2012-03-06 16:51:34.063,42,4609,Galaza
313,"El Puerto ",0xE6100000010CA7936C7539B518C0B7D5AC33BED74440,2012-03-06 16:52:47.977,42,4609,Camino
314,El Canzillo,0xE6100000010C030B60CAC0B118C0A59E05A1BCD74440,2012-03-06 16:53:38.503,42,4609,Galaza
315,Los Palumbares,0xE6100000010CFF4124438EAD18C0081C0934D8D64440,2012-03-06 16:56:11.760,42,4609,Alto
316,La Quiruela,0xE6100000010CF46F97FDBAB318C09C14E63DCED64440,2012-03-06 16:57:13.003,42,4609,Galaza
317,La Cruz Chiquita,0xE6100000010C738577B988AF18C004029D499BD64440,2012-03-06 16:58:43.233,42,4609,Camino
318,Molino el Caño,0xE6100000010C2063EE5A42AE18C0570740DCD5D74440,2012-03-06 17:01:05.320,42,4609,Ya no existe pero estaba en estaba en este lugar
319,Las Veigas,0xE6100000010C9E78CE1610AA18C0A0E1CD1ABCD74440,2012-03-06 17:02:57.390,42,4609,Galaza
320,El Carbayo,0xE6100000010CE831CA332FA718C09B711AA20AD74440,2012-03-06 17:05:11.830,42,4609,Alto
321,Rotalaiglesia,0xE6100000010CD1798D5DA2AA18C04B5CC7B8E2D64440,2012-03-06 17:08:18.670,42,4609,Galaza
322,La Rodera San Juan,0xE6100000010C726F7EC344B318C0F435CB65A3D54440,2012-03-06 17:10:16.793,42,4609,Camino oculto por la meleza
323,Huertonas,0xE6100000010CA45016BEBEA618C0EEB089CC5CD64440,2012-03-06 17:11:15.153,42,4609,Galaza
324,La Corredera,0xE6100000010C371B2B31CFAA18C047E5266A69D64440,2012-03-06 17:13:25.587,42,4609,Camino
325,Las Pajaritas,0xE6100000010C724F57772CA618C03561FBC918D74440,2012-03-06 17:14:53.803,42,4609,Galaza
326,Camino las Llagas,0xE6100000010C84674293C4A218C01C2785798FD74440,2012-03-06 17:16:01.977,42,4609,Camino
327,El Valdión,0xE6100000010C4580D3BB789F18C07EE5417A8AD84440,2012-03-06 17:17:06.310,42,4609,Galaza
328,Molino el Portal,0xE6100000010C3CBD5296219E18C0F566D47C95D84440,2012-03-06 17:18:41.190,42,4609,"Ya no existe, pero estaba en este lugar"
329,La Quinta,0xE6100000010C058A58C4B0A318C0FBCDC47421D64440,2012-03-06 17:22:25.020,42,4609,Galaza
330,Molino el Molinin,0xE6100000010CCDB051D66FA618C0ED0DBE3099D64440,2012-03-06 17:23:37.917,42,4609,Aqui hubo un molino en su día
331,Camino Fonfria,0xE6100000010CEAAEEC82C1A518C0BBD39D279ED54440,2012-03-06 17:24:36.387,42,4609,Camino
332,Molino,0xE6100000010C533D997FF49D18C0D4450A65E1D74440,2012-03-06 17:25:43.920,42,4609,restos de otro molino
333,Tras del Castro,0xE6100000010CA9143B1A879A18C052431B800DD84440,2012-03-06 17:27:10.810,42,4609,Galaza
334,Molino la Encina,0xE6100000010CC712D6C6D89918C08196AE601BD94440,2012-03-06 17:28:41.370,42,4609,Aqui hubo un molino en su día
335,Lavayo Chiquito,0xE6100000010C2E58AA0B78A918C09D499BAA7BD44440,2012-03-06 17:29:58.930,42,4609,Galaza
336,Peña la Loba,0xE6100000010CE753C72AA5A718C0E88711C2A3D34440,2012-03-06 17:31:17.430,42,4609,Peña
337,Cañada Real de las Merinas,0xE6100000010CF9A1D28899AD18C07D5BB05417D44440,2012-03-06 17:32:29.317,42,4609,Camino
338,El Bermejo,0xE6100000010CDE0033DFC19F18C0564ACFF412D54440,2012-03-06 17:33:59.280,42,4609,Galaza
339,Casaminiños,0xE6100000010C3468E89FE0A218C0381268B0A9D54440,2012-03-06 17:35:05.377,42,4609,Camino
340,La Medorra,0xE6100000010C86764EB3409B18C047AD307DAFD54440,2012-03-06 17:37:15.793,42,4609,Galaza
341,Camino el Billar,0xE6100000010C087767EDB69B18C073F22213F0D54440,2012-03-06 17:38:07.757,42,4609,Camino
342,Los Cañaverales,0xE6100000010C54AD8559689718C0D3A23EC91DD64440,2012-03-06 17:39:22.030,42,4609,Galaza
343,Veiga Secas,0xE6100000010C8BE07F2BD99118C0FE4465C39AD64440,2012-03-06 17:40:25.270,42,4609,Galaza
344,Cristina,0xE6100000010CB456B439CE8D18C03BC8EBC1A4D64440,2012-03-06 17:41:47.577,42,4609,Galaza
345,Rota Fernada,0xE6100000010C658F5033A48A18C09B3924B550D64440,2012-03-06 17:42:51.240,42,4609,Galaza
346,Peña la Vela,0xE6100000010C86E81038128818C087A757CA32D64440,2012-03-06 17:44:05.263,42,4609,Galaza
347,Rota la Casa,0xE6100000010CD4635B069C8518C08BA548BE12D64440,2012-03-06 17:45:01.033,42,4609,Galaza
348,Los Obacos,0xE6100000010C7F68E6C9359518C0CF49EF1B5FD54440,2012-03-06 17:46:45.223,42,4609,Galaza
349,Piniesteban,0xE6100000010CC381902C609218C09CC0745AB7D54440,2012-03-06 17:48:01.510,42,4609,Galaza
350,Campetes,0xE6100000010C7C7DAD4B8D9018C0B7B2446799D54440,2012-03-06 17:48:57.170,42,4609,Monte
351,Los Espineros,0xE6100000010CD8BCAAB35A9018C0B8CEBF5DF6D54440,2012-03-06 17:49:49.727,42,4609,Galaza
352,Los Quiñones,0xE6100000010C0C738236398C18C0E3FE23D3A1D54440,2012-03-06 17:51:06.493,42,4609,Monte
353,Rota Fonda,0xE6100000010C658F5033A48A18C09F3E027FF8D54440,2012-03-06 17:51:59.520,42,4609,Galaza
354,Rota Estrecha,0xE6100000010CB4E89D0AB88718C03ECF9F36AAD54440,2012-03-06 17:52:53.370,42,4609,Galaza
355,Cañego,0xE6100000010C67D65240DA7F18C0287E8CB96BD54440,2012-03-06 17:53:53.850,42,4609,Galaza
356,Ramiro,0xE6100000010C9C6A2DCC427B18C0DD41EC4CA1D54440,2012-03-06 17:54:39.573,42,4609,Valle
357,La Pasión,0xE6100000010CFA7B293C68D619C08FE1B19FC5EE4440,2012-03-11 17:58:22.260,15,NULL,Montes
358,La Viera,0xE6100000010C6C43C5387F9318C0BEF8A23D5ED44440,2012-03-12 17:31:35.820,42,NULL,Valle
359,Las Mangas,0xE6100000010CBAF42F49659A18C0E0641BB803D54440,2012-03-12 17:34:15.020,42,NULL,Tierras
360,"Los Casales ",0xE6100000010C8ECBB8A9819618C0B37E33315DD44440,2012-03-12 17:35:51.290,42,NULL,Galaza
361,El cementerio,0xE6100000010CC1C6F5EFFACC19C03604C765DCEE4440,2012-03-15 18:56:54.257,15,NULL,camposantos
362,Sestil,0xE6100000010C36E7E099D09418C09770E82D1ED44440,2012-03-18 14:32:57.157,42,4609,Galaza
363,Tozalforno,0xE6100000010C986C3CD8629718C0AA27F38FBED34440,2012-03-18 14:35:23.750,42,4609,Valle
364,"Abayo Grande ",0xE6100000010CA699EE75528F18C0990E9D9E77D34440,2012-03-18 14:37:06.787,42,4609,Galaza
365,Los Soles de Fonfría,0xE6100000010C9758198D7C8E18C06F83DA6FEDD24440,2012-03-18 14:38:17.437,42,4609,Galaza
366,Las Bouzas,0xE6100000010CFE0FB056ED8A18C01570CFF3A7D34440,2012-03-18 14:41:28.130,42,4609,Galaza
367,Rotalpiorno,0xE6100000010CEC2FBB270F8B18C00876FC1708D44440,2012-03-18 14:45:02.220,42,4609,Galaza
368,Los Pilos,0xE6100000010C00C5C892398618C0B5E0455F41D44440,2012-03-18 14:46:01.827,42,4609,Galaza
369,Camino Zamora,0xE6100000010CFD1186014B7E18C04AB6BA9C12D44440,2012-03-18 14:50:05.887,42,4609,Camino
370,Arroyo Medio,0xE6100000010C52D32EA6997E18C0C4B3041901D54440,2012-03-18 14:52:28.733,42,4609,Valle
371,Nogal,0xE6100000010C0FD07D39B37D18C096CFF23CB8D34440,2012-03-18 14:54:07.090,42,4609,Arroyo
372,Fervelli,0xE6100000010C8A7615527E7218C0B282DF8618D34440,2012-03-18 14:55:26.197,42,4609,Valle
373,Galaza los Mondonguillos,0xE6100000010C9CFC169D2C7518C096D1C8E715D34440,2012-03-18 14:56:57.520,42,4609,Galaza
374,Las Perdices,0xE6100000010C59897956D27A18C03E3E213B6FD34440,2012-03-18 14:58:30.273,42,4609,Galaza
375,Arroyo Cabo,0xE6100000010CF8A92A34107B18C0B69F8CF161D44440,2012-03-18 14:59:36.137,42,4609,Valle
376,Cotorrón,0xE6100000010C448655BC917918C0B939950C00D54440,2012-03-18 15:00:56.977,42,4609,Galaza
377,La Castillera,0xE6100000010CBF620D17B97718C0DD274701A2D44440,2012-03-18 15:01:52.213,42,4609,Galaza
378,La Castillera,0xE6100000010C09C21550A87718C0D76A0F7BA1D44440,2012-03-18 15:02:59.137,42,4609,Galaza
379,"Molino del Tio Sacristán de Vide ",0xE6100000010C098A1F63EE7A18C099654F029BD54440,2012-03-18 15:07:48.093,42,4609,Restos de un Molino
380,Escuela,0xE6100000010C63804413289218C07192E68F69E74440,2012-03-18 19:49:43.800,1,NULL,Colegio Escuela
381,Consultorio Médico,0xE6100000010CF30016F9F59318C051D845D103E74440,2012-03-18 19:50:40.270,1,NULL,Consultorio Médico
382,Parque,0xE6100000010C3E5B07077B9318C0FFB27BF2B0E64440,2012-03-18 19:52:24.727,1,NULL,"Parque Juegos Niños "
383,Las Chanas,0xE6100000010C3B1BF2CF0C8218C03D65355D4FE84440,2012-03-18 19:57:55.777,1,NULL,Area recreativa Las Chanas
384,Estación de La Torre,0xE6100000010CBB0D6ABFB53319C0D47FD6FCF8EF4440,2012-04-13 21:11:18.067,25,NULL,estación
385,Molino Mezquita,0xE6100000010C6342CC25555B19C0EE96E4805DDF4440,2012-04-22 18:34:11.320,45,NULL,molino hidraulico mezquita san juan rebollar arquitectura popular
386,Mayadero,0xE6100000010CF77475C7626B19C0170CAEB9A3DF4440,2012-04-22 18:36:32.517,45,NULL,"mayadero agricultura tradición cereales "
387,LA FUENTE EL CUBO,0xE6100000010CEA211ADD416C19C0AB5D13D21AE34440,2012-04-25 08:09:44.437,50,NULL,",AREA RECREATIVA,"
388,FUENTE EL LUGAR,0xE6100000010C5E6919A9F76419C06FBC3B3256E34440,2012-04-25 08:11:32.530,50,NULL,",FUENTE,"
389,molino  Lajafriz,0xE6100000010CAC5626FC52DF18C0E606431D56D24440,2012-04-28 11:51:44.943,20,NULL,molino de agua
390,iglesia  San Bartolome,0xE6100000010C9F7422C154C318C04AB6BA9C12D44440,2012-04-28 11:57:53.450,20,NULL,Iglesia
391,Kiosco de Helados,0xE6100000010C027E8D2441C819C0F12C414640EF4440,2012-04-28 12:51:40.737,16,NULL,Kiosco la tajuela
392,LA ROBLA,0xE6100000010CCF2F4AD05FC819C0BF0CC68844EF4440,2012-04-28 12:53:46.410,16,NULL,BAR LA ROBLA Proximamente
393,Avión sobre figueruela,0xE6100000010C1DAD6A4947C919C0DFFB1BB457EF4440,2012-04-30 20:48:13.027,16,NULL,curiosidades
395,Piscina Municipal,0xE6100000010C36EA211ADD6119C00458E4D70FD94440,2012-08-12 16:46:34.730,2,NULL,piscina
396,Avión sobre Llibaguero,0xE6100000010C446CB07092A619C0A1A3552DE9F24440,2012-09-04 19:07:11.630,16,NULL,Curiosidades
397,NATURALISTE. PUNTO DE INFORMACION TURISTICA Y CENTRAL DE RESERVAS,0xE6100000010C59501894696419C067BAD7497DD94440,2012-10-04 06:33:46.690,2,NULL,"GESTIÓN TURISTICA TRANSFRONTERIZA, INFORMACION TURISTICA, GESTION DE RESERVAS, ACTIVIDADES"
398,puente requejo (puente pino),0xE6100000010C7FDC7EF9647518C0C6C37B0E2CCB4440,2012-10-16 12:59:19.140,68,NULL,puente
399,puente requejo (puente pino),0xE6100000010C7FDC7EF9647518C0C6C37B0E2CCB4440,2012-10-16 12:59:25.037,68,NULL,puente
400,EL CERCO  ( EL CARRASCAL ),0xE6100000010C27DBC01DA8E319C08EC8772975DD4440,2012-10-25 18:18:37.267,53,NULL,""" CASTRO CELTA "" "
401,"E.S. LA CHUCA  ""GASOLINERA""",0xE6100000010C0C923EADA2DF19C0278925E5EEDD4440,2012-11-20 23:47:34.010,53,NULL,""" GASOLINERA """
402,Presa de San Mamed de Aliste,0xE6100000010CCD72D9E89CDF19C020B3B3E89DD84440,2012-11-27 02:22:24.370,46,NULL,"Presa, agua, embalse,"
403,Arbol de la Mora,0xE6100000010C63EFC517EDE119C087A6ECF483D84440,2012-11-27 02:23:58.913,46,NULL,"San Mamed de Aliste, mora, Arbol, pueblo, aliste"
404,"Era de San Mamed de Aliste ",0xE6100000010C5F0D501A6AE419C04145D5AF74D84440,2012-11-27 02:25:26.493,46,NULL,"Era, Campo de futbol, Aliste, pradera"
405,"Iglesia de San Mamed de Aliste ",0xE6100000010CFD6A0E10CCE119C05401F73C7FD84440,2012-11-27 02:26:49.347,46,NULL,"aliste,"
406,"Piscina en San Mamed de Aliste ",0xE6100000010CF17EDC7EF9E419C0F7C8E6AA79D84440,2012-11-27 02:28:07.697,46,NULL,"Piscina, San Mamed de aliste,Aliste, Zamora"
407,"La Cudipiedra ",0xE6100000010CE068C70DBFDB19C019E3C3EC65D94440,2012-11-27 02:29:22.347,46,NULL,San Mamed de Aliste
408,"Puente hacia Villarino tras la Sierra ",0xE6100000010C45F12A6B9BE219C05B09DD2571D84440,2012-11-27 02:31:18.797,46,NULL,"San Mamed de Aliste, Aliste, Villarino "
409,"Fuente de Agua ",0xE6100000010C00529B38B9DF19C0726BD26D89D84440,2012-11-27 02:34:42.650,46,NULL,San Mamed de Aliste
410,"Pinar ",0xE6100000010CF7B0170AD8DE19C073B8567BD8D74440,2012-11-27 02:37:22.957,46,NULL,"Aliste, San Mamed "
411,"Consultorio Medico ",0xE6100000010C0397C79A91E119C0E42F2DEA93D84440,2012-11-27 02:39:56.303,46,NULL,"San Mamed de Aliste "
412,"""Escuela"" de San Mamed de Aliste ",0xE6100000010C6E3480B740E219C0022CF2EB87D84440,2012-11-27 02:41:13.380,46,NULL,San Mamed de Aliste
413,"""Las Salamedas""",0xE6100000010CFA0967B796E919C0F86BB2463DD84440,2012-11-27 02:42:52.600,46,NULL,San Mamed de Aliste
414,"""Codesalico""",0xE6100000010CC9E6AA798EE819C0ED9DD15625D94440,2012-11-27 02:44:00.307,46,NULL,Sam Mamed de Aliste
415,La Fragua,0xE6100000010CFE0C6FD6E0CD18C0E3C116BB7DDC4440,2012-12-19 19:19:28.393,27,7830,Monumento
416,Palomar,0xE6100000010C27DD96C805C718C07313B534B7DC4440,2012-12-19 19:20:53.233,27,7830,monumento
417,Antiguas minas,0xE6100000010CB0AC342905BD18C0C139234A7BDB4440,2012-12-19 19:23:12.680,27,7830,minas
418,la puente de la quinta,0xE6100000010C8AE76C01A14519C010B1C1C249DC4440,2013-01-13 21:24:16.810,29,NULL,"puente "
419,fuente de las callejas,0xE6100000010C0EF62686E44419C0A13193A817DC4440,2013-01-13 21:31:23.137,29,NULL,fuente
420,el calejo de san pedro,0xE6100000010CF8889812494419C09FE6E44526DC4440,2013-01-13 21:34:56.693,29,NULL,calejo
421,la casa-concejo  (pero la nueva),0xE6100000010C1840F850A24519C0991249F432DC4440,2013-01-13 21:39:06.093,29,NULL,ocio
422,Huerta del cura,0xE6100000010C63EE5A423E4819C0158C4AEA04DC4440,2013-01-13 21:46:38.293,29,107,hay un laurel
426,La ribera,0xE6100000010CB610E4A084D918C0E5D022DBF9CE4440,2013-01-18 19:24:52.467,7,107,"campo abierto, paseo "
428,Bodega Aliste,0xE6100000010CCFDA6D179ACB19C05B7D7555A0EE4440,2013-01-21 10:55:32.880,15,NULL,",bodega,"
429,La mahada camino de la villa,0xE6100000010CD9E89C9FE23819C02F6AF7AB00DD4440,2013-02-07 05:33:26.143,29,NULL,Bosque y sotobosque de Robles
430,Fuente El Pingón,0xE6100000010C5987A3AB746719C02EE411DC48D74440,2013-02-07 05:47:56.470,2,NULL,Manantial filtrado entre peñas con un particular goteo
431,Iglesia de San Adrián,0xE6100000010C19C8B3CBB76E19C090DD054A0AF64440,2013-02-21 16:58:32.263,6,NULL,Iglesia
432,Los Castaños,0xE6100000010CE7357689EA6D19C0FB777DE6ACF54440,2013-02-21 16:59:26.860,6,NULL,Zona natural protegida
433,"Cantera, o (como estropear un paraje natural)",0xE6100000010CC504357C0B7B19C046D3D9C9E0F64440,2013-02-21 17:01:21.613,6,NULL,desastre ecológico
434,Cruz de San Favian,0xE6100000010C425BCEA5B8BA19C03DD2E0B6B6EE4440,2013-03-06 12:06:33.010,16,20249,",cruz,"
435,Iglesia de Santa Irene,0xE6100000010CBFB9BF7ADCC719C00938842A35EF4440,2013-03-06 12:11:58.570,16,20249,",iglesias,"
436,Fuente de las llamas,0xE6100000010CF22213F06BC419C021020EA14AEF4440,2013-03-06 12:18:45.743,16,20249,",fuentes,"
437,Valdeladrones,0xE6100000010C36AFEAAC16381AC0CB85CABF96E14440,2013-04-11 11:04:55.247,33,3691,Molino
438,La Fontona,0xE6100000010C5AD427B9C33619C0E7FC14C781E14440,2013-05-03 22:02:41.470,24,NULL,Fuente
439,El TREMEDAL,0xE6100000010CA568E55E604619C04B1FBAA0BEE14440,2013-05-03 22:05:54.807,24,NULL,Merendero
440,La Fuente Herrada,0xE6100000010C1616DC0F783019C0BA1457957DE14440,2013-05-03 22:14:50.110,24,NULL,Fuente
441,La Fuente Herrada,0xE6100000010C1616DC0F783019C0BA1457957DE14440,2013-05-03 22:14:50.490,24,NULL,Fuente
442,Castaño centenario,0xE6100000010CB5FB5580EFC619C07C61325530F44440,2013-05-24 10:10:06.047,17,NULL,"""arbol"""
443,Fuente de los Casales,0xE6100000010C386744696FD019C084BA48A12CF64440,2013-05-24 10:12:15.843,17,NULL,"""fuentes"""
444,Castro Celta,0xE6100000010CB5183C4CFBC619C0020F0C207CF44440,2013-05-24 10:14:36.820,17,NULL,"""castro"""
445,Fuente Grande,0xE6100000010C4C18CDCAF60119C06308008E3DD74440,2013-07-09 09:12:10.443,11,NULL,Fuente
446,Cruz de los Álamos,0xE6100000010CFBCDC47421C619C0C284D1AC6CF34440,2013-07-10 15:02:36.337,17,NULL,Monumento
447,Fuente Herrada,0xE6100000010C0D6C956071C819C014EB54F99EF34440,2013-07-10 15:05:23.400,17,NULL,Fuentes
448,Información turística y central de reservas Naturaliste,0xE6100000010C1500E319346419C0289B728577D94440,2013-08-15 13:23:28.707,2,NULL,"turismo, información"
449,la estaracosa,0xE6100000010C130A117008F518C022A98592C9D34440,2013-09-25 17:00:41.773,32,NULL,valle de pasto comunal
451,el alto de la luz,0xE6100000010CE6CFB7054B0519C0ECDE8AC404D14440,2013-09-25 17:22:35.560,32,NULL,ermita de nuestra señora de la luz
452,La Fuente Grande,0xE6100000010CAE669DF17D0119C06A6798DA52D34440,2013-10-14 17:50:57.070,32,NULL,"La Fuente Grande de Moveros tiene la cúpula de piedra labrada ,su agua es buena de beber y en verano"
453,molino de ti Bernarda,0xE6100000010C6919A9F754EE18C0A148F7730AD24440,2013-10-14 18:20:46.477,32,NULL,"Molino situado en la ribera de Moveros,actualmente nadie muele,es familiar "
454,"molino, de la requejada",0xE6100000010C060DFD135C3C19C01F2DCE18E6EA4440,2013-12-22 23:16:41.497,25,NULL,molino
455,molino de los matellanes,0xE6100000010CCD76853E583619C01349F4328AEB4440,2013-12-22 23:24:04.640,25,NULL,molino
456,molino de los lucas,0xE6100000010CCE716E13EE3519C017EFC7ED97EB4440,2013-12-22 23:25:06.117,25,NULL,molino
457,fuente del rebollar,0xE6100000010C3C69E1B20A3B19C0971E4DF564EA4440,2013-12-22 23:26:21.203,25,NULL,fuente
458,Peña mayas,0xE6100000010C6E693524EE4119C0F8C1F9D4B1EA4440,2013-12-22 23:29:34.863,25,NULL,peña
459,Iglesia,0xE6100000010C8577B988EF4419C03EAF78EA91E64440,2014-01-23 16:23:19.037,60,NULL,"iglesias, monumentos"
460,el rebollo  de piedrafita,0xE6100000010C70EEAF1EF75D19C0C32E8A1EF8DC4440,2014-02-06 21:28:37.237,29,NULL,es una piedra (pero no está frita)
461,"Molino ",0xE6100000010CB1C403CAA6AC19C089450C3B8CE14440,2014-05-18 14:33:30.617,39,NULL,monumento
462,el pozo del caño,0xE6100000010C8FA50F5D50FF18C03255302AA9D34440,2014-11-21 12:00:59.947,32,NULL,naciente en peña
463,Fuente del Espinacal,0xE6100000010CFED478E926B118C0271763601DD74440,2014-12-16 16:13:22.543,42,4609,Fuente
464,Cortina de la Pina,0xE6100000010CB9FB1C1F2DBE18C0FE9DEDD11BDA4440,2015-03-05 14:28:31.353,42,NULL,Cortina
465,El Maderal,0xE6100000010CE5D5390664BF18C056478E7406DA4440,2015-03-05 14:31:02.617,42,NULL,Valle
466,Fuente la Guisada,0xE6100000010C5CE49EAEEEC818C08EAED2DD75D84440,2015-03-05 14:39:01.310,42,NULL,Fuente
467,Iglesia,0xE6100000010CA96C5853599418C061E0B9F770DB4440,2015-03-19 17:40:06.363,65,NULL,"Monumento, Iglesia"
468,Iglesia,0xE6100000010CF8889812499418C0E5266A696EDB4440,2015-03-19 17:40:49.530,65,NULL,"Monumento, Iglesia"
469,El Castro,0xE6100000010CBC5D2F4D114019C0048F6FEF1ADE4440,2015-05-18 19:47:51.143,57,NULL,Castro
470,"refugio forestal ""Portilla Blanca""",0xE6100000010C86AFAF75A98119C00893E2E313DC4440,2015-06-29 17:11:13.900,3,NULL,refugio forestal
471,IGLESIA,0xE6100000010C95F1EF332E7C18C0C7BAB88D06E04440,2015-10-03 15:16:18.110,36,NULL,"iglesias,monumentos"
472,Las Fuentes,0xE6100000010C6E3480B740B218C082CAF8F719E94440,2017-01-08 19:09:31.230,40,NULL,"rio, fuente, molinos"
473,Los Chaparrales,0xE6100000010C59E02BBAF5DA18C04276DEC666D74440,2018-01-04 11:38:51.857,42,NULL,Monte cerca de Ceadea.
474,Peña Corva,0xE6100000010C34D6FECEF6C818C0AAF1D24D62D64440,2018-01-04 11:41:05.497,42,NULL,Peña.
475,Subidero de la Reina.,0xE6100000010CAAB8718BF9C918C020D099B4A9D64440,2018-01-04 11:43:05.140,42,NULL,Monte
476,El brazo,0xE6100000010C124E0B5EF4C518C016F9F5436CD64440,2018-01-04 11:44:56.417,42,NULL,Monte
477,Calle homda 7 Puercas de Aliste Zamora España,0xE6100000010C95F1EF332E7C18C0C7BAB88D06E04440,2019-04-20 13:59:07.560,36,NULL,Casa
